period,推奨総数,約定総数,推奨内約定率,全体約定率,約定時EV,活動日,全営業日,活動率,日次勝率,単利累積,複利累積,最大DD,PnL円,label
TRAIN,2138,1571,73.5,51.8,-0.134,979,1072,91.3,50.1,105.1,85.8,-63.6,1050892.0,G1: ATR×0.50
TRAIN,2138,1205,56.4,33.6,-0.131,845,1072,78.8,48.5,81.6,63.1,-64.6,816079.0,G1: ATR×0.75
TRAIN,2138,910,42.6,21.0,-0.135,696,1072,64.9,47.1,49.9,28.1,-49.4,498548.0,G1: ATR×1.00
TRAIN,2138,673,31.5,12.8,-0.138,553,1072,51.6,50.3,152.1,281.1,-31.5,1521367.0,G1: ATR×1.25
TRAIN,2138,497,23.2,8.0,-0.108,429,1072,40.0,54.5,240.1,853.8,-24.2,2400803.0,G1: ATR×1.50
TRAIN,2138,329,15.4,5.3,-0.074,296,1072,27.6,57.8,229.6,793.6,-11.4,2295726.0,G1: ATR×1.75
TRAIN,2138,222,10.4,3.6,-0.08,207,1072,19.3,56.5,143.0,288.3,-14.3,1429671.0,G1: ATR×2.00
TRAIN,2138,1030,48.2,17.4,-0.174,757,1072,70.6,47.8,48.8,17.1,-56.4,487799.0,G2: ATR×1.5 cap-3%
TRAIN,2138,808,37.8,12.0,-0.166,634,1072,59.1,48.4,98.1,108.5,-43.4,981038.0,G2: ATR×1.5 cap-4%
TRAIN,2138,681,31.9,9.9,-0.146,554,1072,51.7,49.3,115.6,159.4,-34.4,1156149.0,G2: ATR×1.5 cap-5%
TRAIN,2138,583,27.3,8.9,-0.113,489,1072,45.6,51.1,136.0,230.2,-32.6,1360320.0,G2: ATR×1.5 cap-6%
TRAIN,2138,548,25.6,8.5,-0.067,466,1072,43.5,53.2,185.6,448.0,-35.7,1856084.0,G2: ATR×1.5 cap-7%
TRAIN,2138,532,24.9,8.2,-0.055,453,1072,42.3,53.9,226.4,720.1,-30.6,2264091.0,G2: ATR×1.5 cap-8%
TRAIN,2138,507,23.7,8.1,-0.091,435,1072,40.6,54.3,232.8,784.1,-24.6,2328303.0,G2: ATR×1.5 cap-10%
TRAIN,2138,774,36.2,11.7,-0.132,619,1072,57.7,48.3,72.3,64.0,-41.1,722969.0,G3: vol-adaptive k=0.75/1.0/1.5
TRAIN,2138,1342,62.8,30.7,-0.158,897,1072,83.7,47.9,42.3,0.8,-64.2,423009.0,G4: 固定 -2%
TRAIN,2138,992,46.4,16.0,-0.167,740,1072,69.0,48.0,56.0,26.2,-55.5,560011.0,G4: 固定 -3%
TRAIN,2138,728,34.1,8.8,-0.108,585,1072,54.6,48.5,96.5,106.9,-42.6,965375.0,G4: 固定 -4%
TRAIN,2138,528,24.7,5.2,0.001,443,1072,41.3,49.2,84.8,95.6,-38.4,847880.0,G4: 固定 -5%
VAL,278,209,75.2,53.9,-0.137,129,139,92.8,41.9,-37.7,-36.1,-43.8,-377153.0,G1: ATR×0.50
VAL,278,180,64.7,36.6,-0.092,121,139,87.1,43.8,0.5,-6.1,-36.6,4711.0,G1: ATR×0.75
VAL,278,142,51.1,24.2,0.002,106,139,76.3,49.1,13.4,9.4,-38.5,133705.0,G1: ATR×1.00
VAL,278,118,42.4,15.4,0.135,89,139,64.0,52.8,59.7,73.2,-20.2,596587.0,G1: ATR×1.25
VAL,278,90,32.4,10.0,0.432,69,139,49.6,58.0,69.7,93.9,-19.6,696970.0,G1: ATR×1.50
VAL,278,66,23.7,6.6,0.655,52,139,37.4,61.5,63.1,82.6,-13.8,630768.0,G1: ATR×1.75
VAL,278,46,16.5,4.4,0.885,40,139,28.8,65.0,58.7,76.0,-6.1,587325.0,G1: ATR×2.00
VAL,278,159,57.2,22.7,-0.115,109,139,78.4,42.2,-26.8,-27.9,-46.2,-268024.0,G2: ATR×1.5 cap-3%
VAL,278,141,50.7,16.2,0.113,100,139,71.9,45.0,-2.7,-7.3,-41.5,-27407.0,G2: ATR×1.5 cap-4%
VAL,278,122,43.9,13.1,0.269,89,139,64.0,41.6,-6.5,-10.3,-39.1,-65209.0,G2: ATR×1.5 cap-5%
VAL,278,113,40.6,11.7,0.399,84,139,60.4,44.0,9.7,5.6,-33.6,96738.0,G2: ATR×1.5 cap-6%
VAL,278,107,38.5,10.9,0.498,82,139,59.0,56.1,61.5,77.7,-16.8,614616.0,G2: ATR×1.5 cap-7%
VAL,278,103,37.1,10.5,0.493,79,139,56.8,57.0,67.7,89.4,-16.7,676981.0,G2: ATR×1.5 cap-8%
VAL,278,98,35.3,10.2,0.516,75,139,54.0,58.7,80.1,114.3,-16.7,801470.0,G2: ATR×1.5 cap-10%
VAL,278,134,48.2,15.7,0.169,98,139,70.5,42.9,-1.3,-5.8,-36.5,-13040.0,G3: vol-adaptive k=0.75/1.0/1.5
VAL,278,184,66.2,35.3,-0.181,121,139,87.1,42.1,-40.5,-37.6,-49.9,-405051.0,G4: 固定 -2%
VAL,278,154,55.4,21.4,-0.111,107,139,77.0,43.0,-25.7,-27.1,-45.7,-257416.0,G4: 固定 -3%
VAL,278,132,47.5,12.8,0.177,96,139,69.1,44.8,-2.2,-6.8,-42.5,-21926.0,G4: 固定 -4%
VAL,278,104,37.4,7.9,0.493,82,139,59.0,39.0,-11.9,-14.9,-37.1,-119028.0,G4: 固定 -5%
